Domain Name,Next Due Date
agentsinnigeria.com,"Jan 15, 2025"
agentsinnigeria.ng,"Jan 15, 2025"
degreevalidate.ng,"Nov 18, 2025"
nigeriariskindex.com,"Sep 06, 2025"
nigeriatravelsecurityist.com,"Oct 13, 2025"
nigeriatravelsecurityist.ng,"May 24, 2025"
nriindex.com,"Oct 31, 2025"
p4s.ng,"Feb 08, 2025"
polytest.ng,"Feb 25, 2026"
portal4security.com,"Sep 08, 2025"
riskcontrolacademy.com,"Jun 12, 2025"
riskcontrolnigeria.biz,"Feb 28, 2025"
riskcontrolnigeria.com,"Mar 17, 2025"
riskcontrolnigeria.info,"Jun 20, 2025"
riskcontrolnigeria.net,"Jun 20, 2026"
riskcontrolnigeria.org,"Jun 20, 2026"
safejobs.com.ng,"Apr 03, 2026"
safejobs.ng,"Apr 05, 2025"
stonehedgechambers.com,"Jun 27, 2025"
bconline.ng,"Jul 23, 2025"